[
{
  "model": "questions.question",
  "pk": 10,
  "fields": {
    "code": "CDEF",
    "title": "Rearrangement Problem",
    "description": "questions/REMP.jpg",
    "time_limit": 1,
    "timestamp": "2019-05-04T13:20:22.270Z"
  }
},
{
  "model": "questions.question",
  "pk": 11,
  "fields": {
    "code": "CDEG",
    "title": "Trailing Zeros",
    "description": "questions/TRAIL.jpg",
    "time_limit": 1,
    "timestamp": "2019-05-04T13:32:28.526Z"
  }
},
{
  "model": "questions.question",
  "pk": 12,
  "fields": {
    "code": "CDEE",
    "title": "Divisor Problem",
    "description": "questions/DIVR.jpg",
    "time_limit": 1,
    "timestamp": "2019-05-04T13:42:58.335Z"
  }
},
{
  "model": "questions.question",
  "pk": 13,
  "fields": {
    "code": "CDED",
    "title": "Winner Problem",
    "description": "questions/WINP.jpg",
    "time_limit": 1,
    "timestamp": "2019-05-04T13:56:45.706Z"
  }
},
{
  "model": "questions.question",
  "pk": 14,
  "fields": {
    "code": "CDEC",
    "title": "Factorial Problem",
    "description": "questions/FACT.jpg",
    "time_limit": 1,
    "timestamp": "2019-05-04T14:07:52.679Z"
  }
},
{
  "model": "questions.question",
  "pk": 16,
  "fields": {
    "code": "CDEH",
    "title": "Safe Array Problem",
    "description": "questions/SAFE.jpg",
    "time_limit": 1,
    "timestamp": "2019-05-04T16:37:00.369Z"
  }
},
{
  "model": "questions.question",
  "pk": 18,
  "fields": {
    "code": "PERM",
    "title": "Subarray Problem",
    "description": "questions/PERM.jpg",
    "time_limit": 1,
    "timestamp": "2019-05-04T18:30:42.770Z"
  }
},
{
  "model": "questions.testcase",
  "pk": 69,
  "fields": {
    "question": 10,
    "file": "test_cases/CDEF/inputs/input1.txt",
    "timestamp": "2019-05-04T13:24:46.440Z"
  }
},
{
  "model": "questions.testcase",
  "pk": 70,
  "fields": {
    "question": 10,
    "file": "test_cases/CDEF/inputs/input2.txt",
    "timestamp": "2019-05-04T13:24:55.437Z"
  }
},
{
  "model": "questions.testcase",
  "pk": 71,
  "fields": {
    "question": 10,
    "file": "test_cases/CDEF/inputs/input3.txt",
    "timestamp": "2019-05-04T13:25:01.941Z"
  }
},
{
  "model": "questions.testcase",
  "pk": 72,
  "fields": {
    "question": 10,
    "file": "test_cases/CDEF/inputs/input4.txt",
    "timestamp": "2019-05-04T13:25:07.533Z"
  }
},
{
  "model": "questions.testcase",
  "pk": 73,
  "fields": {
    "question": 10,
    "file": "test_cases/CDEF/inputs/input5.txt",
    "timestamp": "2019-05-04T13:25:19.781Z"
  }
},
{
  "model": "questions.testcase",
  "pk": 74,
  "fields": {
    "question": 10,
    "file": "test_cases/CDEF/inputs/input6.txt",
    "timestamp": "2019-05-04T13:25:25.506Z"
  }
},
{
  "model": "questions.testcase",
  "pk": 75,
  "fields": {
    "question": 10,
    "file": "test_cases/CDEF/inputs/input7.txt",
    "timestamp": "2019-05-04T13:25:31.278Z"
  }
},
{
  "model": "questions.testcase",
  "pk": 76,
  "fields": {
    "question": 10,
    "file": "test_cases/CDEF/inputs/input8.txt",
    "timestamp": "2019-05-04T13:25:39.239Z"
  }
},
{
  "model": "questions.testcase",
  "pk": 77,
  "fields": {
    "question": 10,
    "file": "test_cases/CDEF/inputs/input9.txt",
    "timestamp": "2019-05-04T13:25:45.444Z"
  }
},
{
  "model": "questions.testcase",
  "pk": 78,
  "fields": {
    "question": 10,
    "file": "test_cases/CDEF/inputs/input10.txt",
    "timestamp": "2019-05-04T13:25:52.500Z"
  }
},
{
  "model": "questions.testcase",
  "pk": 79,
  "fields": {
    "question": 11,
    "file": "test_cases/CDEG/inputs/input1.txt",
    "timestamp": "2019-05-04T13:33:07.960Z"
  }
},
{
  "model": "questions.testcase",
  "pk": 80,
  "fields": {
    "question": 11,
    "file": "test_cases/CDEG/inputs/input2.txt",
    "timestamp": "2019-05-04T13:33:15.213Z"
  }
},
{
  "model": "questions.testcase",
  "pk": 81,
  "fields": {
    "question": 11,
    "file": "test_cases/CDEG/inputs/input3.txt",
    "timestamp": "2019-05-04T13:33:21.097Z"
  }
},
{
  "model": "questions.testcase",
  "pk": 82,
  "fields": {
    "question": 11,
    "file": "test_cases/CDEG/inputs/input4.txt",
    "timestamp": "2019-05-04T13:33:27.963Z"
  }
},
{
  "model": "questions.testcase",
  "pk": 83,
  "fields": {
    "question": 11,
    "file": "test_cases/CDEG/inputs/input5.txt",
    "timestamp": "2019-05-04T13:33:35.215Z"
  }
},
{
  "model": "questions.testcase",
  "pk": 84,
  "fields": {
    "question": 11,
    "file": "test_cases/CDEG/inputs/input6.txt",
    "timestamp": "2019-05-04T13:33:41.555Z"
  }
},
{
  "model": "questions.testcase",
  "pk": 85,
  "fields": {
    "question": 11,
    "file": "test_cases/CDEG/inputs/input7.txt",
    "timestamp": "2019-05-04T13:33:53.913Z"
  }
},
{
  "model": "questions.testcase",
  "pk": 86,
  "fields": {
    "question": 11,
    "file": "test_cases/CDEG/inputs/input9.txt",
    "timestamp": "2019-05-04T13:34:00.452Z"
  }
},
{
  "model": "questions.testcase",
  "pk": 87,
  "fields": {
    "question": 11,
    "file": "test_cases/CDEG/inputs/input8.txt",
    "timestamp": "2019-05-04T13:34:07.212Z"
  }
},
{
  "model": "questions.testcase",
  "pk": 88,
  "fields": {
    "question": 11,
    "file": "test_cases/CDEG/inputs/input10.txt",
    "timestamp": "2019-05-04T13:34:14.669Z"
  }
},
{
  "model": "questions.testcase",
  "pk": 89,
  "fields": {
    "question": 12,
    "file": "test_cases/CDEE/inputs/input1.txt",
    "timestamp": "2019-05-04T13:43:34.325Z"
  }
},
{
  "model": "questions.testcase",
  "pk": 90,
  "fields": {
    "question": 12,
    "file": "test_cases/CDEE/inputs/input2.txt",
    "timestamp": "2019-05-04T13:43:41.245Z"
  }
},
{
  "model": "questions.testcase",
  "pk": 91,
  "fields": {
    "question": 12,
    "file": "test_cases/CDEE/inputs/input3.txt",
    "timestamp": "2019-05-04T13:43:46.742Z"
  }
},
{
  "model": "questions.testcase",
  "pk": 92,
  "fields": {
    "question": 12,
    "file": "test_cases/CDEE/inputs/input4.txt",
    "timestamp": "2019-05-04T13:43:51.989Z"
  }
},
{
  "model": "questions.testcase",
  "pk": 93,
  "fields": {
    "question": 12,
    "file": "test_cases/CDEE/inputs/input5.txt",
    "timestamp": "2019-05-04T13:44:02.019Z"
  }
},
{
  "model": "questions.testcase",
  "pk": 95,
  "fields": {
    "question": 12,
    "file": "test_cases/CDEE/inputs/input6.txt",
    "timestamp": "2019-05-04T13:44:42.139Z"
  }
},
{
  "model": "questions.testcase",
  "pk": 96,
  "fields": {
    "question": 12,
    "file": "test_cases/CDEE/inputs/input7.txt",
    "timestamp": "2019-05-04T13:44:47.934Z"
  }
},
{
  "model": "questions.testcase",
  "pk": 97,
  "fields": {
    "question": 12,
    "file": "test_cases/CDEE/inputs/input8.txt",
    "timestamp": "2019-05-04T13:44:57.879Z"
  }
},
{
  "model": "questions.testcase",
  "pk": 98,
  "fields": {
    "question": 12,
    "file": "test_cases/CDEE/inputs/input9.txt",
    "timestamp": "2019-05-04T13:45:03.902Z"
  }
},
{
  "model": "questions.testcase",
  "pk": 99,
  "fields": {
    "question": 12,
    "file": "test_cases/CDEE/inputs/input10.txt",
    "timestamp": "2019-05-04T13:45:09.446Z"
  }
},
{
  "model": "questions.testcase",
  "pk": 100,
  "fields": {
    "question": 13,
    "file": "test_cases/CDED/inputs/input1.txt",
    "timestamp": "2019-05-04T13:57:01.698Z"
  }
},
{
  "model": "questions.testcase",
  "pk": 101,
  "fields": {
    "question": 13,
    "file": "test_cases/CDED/inputs/input2.txt",
    "timestamp": "2019-05-04T13:57:08.503Z"
  }
},
{
  "model": "questions.testcase",
  "pk": 102,
  "fields": {
    "question": 13,
    "file": "test_cases/CDED/inputs/input3.txt",
    "timestamp": "2019-05-04T13:57:14.722Z"
  }
},
{
  "model": "questions.testcase",
  "pk": 103,
  "fields": {
    "question": 13,
    "file": "test_cases/CDED/inputs/input4.txt",
    "timestamp": "2019-05-04T13:57:20.492Z"
  }
},
{
  "model": "questions.testcase",
  "pk": 104,
  "fields": {
    "question": 13,
    "file": "test_cases/CDED/inputs/input5.txt",
    "timestamp": "2019-05-04T13:57:26.532Z"
  }
},
{
  "model": "questions.testcase",
  "pk": 105,
  "fields": {
    "question": 13,
    "file": "test_cases/CDED/inputs/input6.txt",
    "timestamp": "2019-05-04T13:57:33.994Z"
  }
},
{
  "model": "questions.testcase",
  "pk": 106,
  "fields": {
    "question": 13,
    "file": "test_cases/CDED/inputs/input7.txt",
    "timestamp": "2019-05-04T13:57:47.878Z"
  }
},
{
  "model": "questions.testcase",
  "pk": 107,
  "fields": {
    "question": 13,
    "file": "test_cases/CDED/inputs/input8.txt",
    "timestamp": "2019-05-04T13:57:55.268Z"
  }
},
{
  "model": "questions.testcase",
  "pk": 108,
  "fields": {
    "question": 13,
    "file": "test_cases/CDED/inputs/input9.txt",
    "timestamp": "2019-05-04T13:58:05.958Z"
  }
},
{
  "model": "questions.testcase",
  "pk": 109,
  "fields": {
    "question": 13,
    "file": "test_cases/CDED/inputs/input10.txt",
    "timestamp": "2019-05-04T13:58:15.067Z"
  }
},
{
  "model": "questions.testcase",
  "pk": 110,
  "fields": {
    "question": 14,
    "file": "test_cases/CDEC/inputs/input1.txt",
    "timestamp": "2019-05-04T14:08:23.573Z"
  }
},
{
  "model": "questions.testcase",
  "pk": 111,
  "fields": {
    "question": 14,
    "file": "test_cases/CDEC/inputs/input2.txt",
    "timestamp": "2019-05-04T14:08:31.101Z"
  }
},
{
  "model": "questions.testcase",
  "pk": 112,
  "fields": {
    "question": 14,
    "file": "test_cases/CDEC/inputs/input3.txt",
    "timestamp": "2019-05-04T14:08:36.779Z"
  }
},
{
  "model": "questions.testcase",
  "pk": 113,
  "fields": {
    "question": 14,
    "file": "test_cases/CDEC/inputs/input4.txt",
    "timestamp": "2019-05-04T14:08:46.187Z"
  }
},
{
  "model": "questions.testcase",
  "pk": 114,
  "fields": {
    "question": 14,
    "file": "test_cases/CDEC/inputs/input5.txt",
    "timestamp": "2019-05-04T14:08:52.243Z"
  }
},
{
  "model": "questions.testcase",
  "pk": 115,
  "fields": {
    "question": 14,
    "file": "test_cases/CDEC/inputs/input6.txt",
    "timestamp": "2019-05-04T14:08:58.429Z"
  }
},
{
  "model": "questions.testcase",
  "pk": 116,
  "fields": {
    "question": 14,
    "file": "test_cases/CDEC/inputs/input7.txt",
    "timestamp": "2019-05-04T14:09:18.583Z"
  }
},
{
  "model": "questions.testcase",
  "pk": 117,
  "fields": {
    "question": 14,
    "file": "test_cases/CDEC/inputs/input8.txt",
    "timestamp": "2019-05-04T14:09:24.962Z"
  }
},
{
  "model": "questions.testcase",
  "pk": 118,
  "fields": {
    "question": 14,
    "file": "test_cases/CDEC/inputs/input9.txt",
    "timestamp": "2019-05-04T14:09:35.208Z"
  }
},
{
  "model": "questions.testcase",
  "pk": 119,
  "fields": {
    "question": 14,
    "file": "test_cases/CDEC/inputs/input10.txt",
    "timestamp": "2019-05-04T14:09:41.037Z"
  }
},
{
  "model": "questions.testcase",
  "pk": 130,
  "fields": {
    "question": 16,
    "file": "test_cases/CDEH/inputs/input1.txt",
    "timestamp": "2019-05-04T16:37:24.025Z"
  }
},
{
  "model": "questions.testcase",
  "pk": 131,
  "fields": {
    "question": 16,
    "file": "test_cases/CDEH/inputs/input2.txt",
    "timestamp": "2019-05-04T16:37:32.986Z"
  }
},
{
  "model": "questions.testcase",
  "pk": 132,
  "fields": {
    "question": 16,
    "file": "test_cases/CDEH/inputs/input3.txt",
    "timestamp": "2019-05-04T16:38:00.473Z"
  }
},
{
  "model": "questions.testcase",
  "pk": 133,
  "fields": {
    "question": 16,
    "file": "test_cases/CDEH/inputs/input4.txt",
    "timestamp": "2019-05-04T16:38:22.736Z"
  }
},
{
  "model": "questions.testcase",
  "pk": 134,
  "fields": {
    "question": 16,
    "file": "test_cases/CDEH/inputs/input5.txt",
    "timestamp": "2019-05-04T16:38:51.621Z"
  }
},
{
  "model": "questions.testcase",
  "pk": 135,
  "fields": {
    "question": 16,
    "file": "test_cases/CDEH/inputs/input6.txt",
    "timestamp": "2019-05-04T16:39:40.183Z"
  }
},
{
  "model": "questions.testcase",
  "pk": 136,
  "fields": {
    "question": 16,
    "file": "test_cases/CDEH/inputs/input7.txt",
    "timestamp": "2019-05-04T16:39:52.350Z"
  }
},
{
  "model": "questions.testcase",
  "pk": 137,
  "fields": {
    "question": 16,
    "file": "test_cases/CDEH/inputs/input8.txt",
    "timestamp": "2019-05-04T16:40:22.352Z"
  }
},
{
  "model": "questions.testcase",
  "pk": 138,
  "fields": {
    "question": 16,
    "file": "test_cases/CDEH/inputs/input9.txt",
    "timestamp": "2019-05-04T16:40:30.009Z"
  }
},
{
  "model": "questions.testcase",
  "pk": 139,
  "fields": {
    "question": 16,
    "file": "test_cases/CDEH/inputs/input10.txt",
    "timestamp": "2019-05-04T16:40:44.685Z"
  }
},
{
  "model": "questions.testcase",
  "pk": 150,
  "fields": {
    "question": 18,
    "file": "test_cases/PERM/inputs/input1.txt",
    "timestamp": "2019-05-04T18:31:18.463Z"
  }
},
{
  "model": "questions.testcase",
  "pk": 151,
  "fields": {
    "question": 18,
    "file": "test_cases/PERM/inputs/input2.txt",
    "timestamp": "2019-05-04T18:31:35.837Z"
  }
},
{
  "model": "questions.testcase",
  "pk": 152,
  "fields": {
    "question": 18,
    "file": "test_cases/PERM/inputs/input3.txt",
    "timestamp": "2019-05-04T18:31:57.563Z"
  }
},
{
  "model": "questions.testcase",
  "pk": 153,
  "fields": {
    "question": 18,
    "file": "test_cases/PERM/inputs/input4.txt",
    "timestamp": "2019-05-04T18:32:05.621Z"
  }
},
{
  "model": "questions.testcase",
  "pk": 154,
  "fields": {
    "question": 18,
    "file": "test_cases/PERM/inputs/input5.txt",
    "timestamp": "2019-05-04T18:32:12.733Z"
  }
},
{
  "model": "questions.testcase",
  "pk": 155,
  "fields": {
    "question": 18,
    "file": "test_cases/PERM/inputs/input6.txt",
    "timestamp": "2019-05-04T18:32:22.455Z"
  }
},
{
  "model": "questions.testcase",
  "pk": 156,
  "fields": {
    "question": 18,
    "file": "test_cases/PERM/inputs/input7.txt",
    "timestamp": "2019-05-04T18:32:29.874Z"
  }
},
{
  "model": "questions.testcase",
  "pk": 157,
  "fields": {
    "question": 18,
    "file": "test_cases/PERM/inputs/input8.txt",
    "timestamp": "2019-05-04T18:32:44.776Z"
  }
},
{
  "model": "questions.testcase",
  "pk": 158,
  "fields": {
    "question": 18,
    "file": "test_cases/PERM/inputs/input9.txt",
    "timestamp": "2019-05-04T18:32:59.732Z"
  }
},
{
  "model": "questions.testcase",
  "pk": 159,
  "fields": {
    "question": 18,
    "file": "test_cases/PERM/inputs/input10.txt",
    "timestamp": "2019-05-04T18:33:11.380Z"
  }
},
{
  "model": "questions.expectedoutput",
  "pk": 85,
  "fields": {
    "question": 10,
    "test_case": 69,
    "file": "test_cases/CDEF/outputs/output1.txt",
    "timestamp": "2019-05-04T13:26:18.031Z"
  }
},
{
  "model": "questions.expectedoutput",
  "pk": 86,
  "fields": {
    "question": 10,
    "test_case": 78,
    "file": "test_cases/CDEF/outputs/output10.txt",
    "timestamp": "2019-05-04T13:26:26.542Z"
  }
},
{
  "model": "questions.expectedoutput",
  "pk": 87,
  "fields": {
    "question": 10,
    "test_case": 70,
    "file": "test_cases/CDEF/outputs/output2.txt",
    "timestamp": "2019-05-04T13:26:35.895Z"
  }
},
{
  "model": "questions.expectedoutput",
  "pk": 88,
  "fields": {
    "question": 10,
    "test_case": 71,
    "file": "test_cases/CDEF/outputs/output3.txt",
    "timestamp": "2019-05-04T13:26:46.903Z"
  }
},
{
  "model": "questions.expectedoutput",
  "pk": 89,
  "fields": {
    "question": 10,
    "test_case": 72,
    "file": "test_cases/CDEF/outputs/output4.txt",
    "timestamp": "2019-05-04T13:26:55.109Z"
  }
},
{
  "model": "questions.expectedoutput",
  "pk": 90,
  "fields": {
    "question": 10,
    "test_case": 73,
    "file": "test_cases/CDEF/outputs/output5.txt",
    "timestamp": "2019-05-04T13:27:04.175Z"
  }
},
{
  "model": "questions.expectedoutput",
  "pk": 91,
  "fields": {
    "question": 10,
    "test_case": 74,
    "file": "test_cases/CDEF/outputs/output6.txt",
    "timestamp": "2019-05-04T13:27:13.452Z"
  }
},
{
  "model": "questions.expectedoutput",
  "pk": 92,
  "fields": {
    "question": 10,
    "test_case": 75,
    "file": "test_cases/CDEF/outputs/output7.txt",
    "timestamp": "2019-05-04T13:27:24.929Z"
  }
},
{
  "model": "questions.expectedoutput",
  "pk": 93,
  "fields": {
    "question": 10,
    "test_case": 76,
    "file": "test_cases/CDEF/outputs/output8.txt",
    "timestamp": "2019-05-04T13:27:36.186Z"
  }
},
{
  "model": "questions.expectedoutput",
  "pk": 94,
  "fields": {
    "question": 10,
    "test_case": 77,
    "file": "test_cases/CDEF/outputs/output9.txt",
    "timestamp": "2019-05-04T13:27:48.276Z"
  }
},
{
  "model": "questions.expectedoutput",
  "pk": 95,
  "fields": {
    "question": 11,
    "test_case": 79,
    "file": "test_cases/CDEG/outputs/output1.txt",
    "timestamp": "2019-05-04T13:35:19.515Z"
  }
},
{
  "model": "questions.expectedoutput",
  "pk": 96,
  "fields": {
    "question": 11,
    "test_case": 88,
    "file": "test_cases/CDEG/outputs/output10.txt",
    "timestamp": "2019-05-04T13:35:41.151Z"
  }
},
{
  "model": "questions.expectedoutput",
  "pk": 97,
  "fields": {
    "question": 11,
    "test_case": 80,
    "file": "test_cases/CDEG/outputs/output2.txt",
    "timestamp": "2019-05-04T13:35:58.130Z"
  }
},
{
  "model": "questions.expectedoutput",
  "pk": 98,
  "fields": {
    "question": 11,
    "test_case": 81,
    "file": "test_cases/CDEG/outputs/output3.txt",
    "timestamp": "2019-05-04T13:36:13.121Z"
  }
},
{
  "model": "questions.expectedoutput",
  "pk": 99,
  "fields": {
    "question": 11,
    "test_case": 82,
    "file": "test_cases/CDEG/outputs/output4.txt",
    "timestamp": "2019-05-04T13:36:23.032Z"
  }
},
{
  "model": "questions.expectedoutput",
  "pk": 100,
  "fields": {
    "question": 11,
    "test_case": 83,
    "file": "test_cases/CDEG/outputs/output5.txt",
    "timestamp": "2019-05-04T13:36:33.709Z"
  }
},
{
  "model": "questions.expectedoutput",
  "pk": 101,
  "fields": {
    "question": 11,
    "test_case": 84,
    "file": "test_cases/CDEG/outputs/output6.txt",
    "timestamp": "2019-05-04T13:36:54.224Z"
  }
},
{
  "model": "questions.expectedoutput",
  "pk": 102,
  "fields": {
    "question": 11,
    "test_case": 85,
    "file": "test_cases/CDEG/outputs/output7.txt",
    "timestamp": "2019-05-04T13:37:03.957Z"
  }
},
{
  "model": "questions.expectedoutput",
  "pk": 103,
  "fields": {
    "question": 11,
    "test_case": 87,
    "file": "test_cases/CDEG/outputs/output8.txt",
    "timestamp": "2019-05-04T13:37:15.353Z"
  }
},
{
  "model": "questions.expectedoutput",
  "pk": 104,
  "fields": {
    "question": 11,
    "test_case": 86,
    "file": "test_cases/CDEG/outputs/output9.txt",
    "timestamp": "2019-05-04T13:37:25.054Z"
  }
},
{
  "model": "questions.expectedoutput",
  "pk": 105,
  "fields": {
    "question": 12,
    "test_case": 89,
    "file": "test_cases/CDEE/outputs/output1.txt",
    "timestamp": "2019-05-04T13:49:03.218Z"
  }
},
{
  "model": "questions.expectedoutput",
  "pk": 106,
  "fields": {
    "question": 12,
    "test_case": 99,
    "file": "test_cases/CDEE/outputs/output10.txt",
    "timestamp": "2019-05-04T13:49:24.168Z"
  }
},
{
  "model": "questions.expectedoutput",
  "pk": 107,
  "fields": {
    "question": 12,
    "test_case": 90,
    "file": "test_cases/CDEE/outputs/output2.txt",
    "timestamp": "2019-05-04T13:49:42.135Z"
  }
},
{
  "model": "questions.expectedoutput",
  "pk": 108,
  "fields": {
    "question": 12,
    "test_case": 91,
    "file": "test_cases/CDEE/outputs/output3.txt",
    "timestamp": "2019-05-04T13:49:53.203Z"
  }
},
{
  "model": "questions.expectedoutput",
  "pk": 109,
  "fields": {
    "question": 12,
    "test_case": 92,
    "file": "test_cases/CDEE/outputs/output4.txt",
    "timestamp": "2019-05-04T13:50:17.605Z"
  }
},
{
  "model": "questions.expectedoutput",
  "pk": 110,
  "fields": {
    "question": 12,
    "test_case": 93,
    "file": "test_cases/CDEE/outputs/output5.txt",
    "timestamp": "2019-05-04T13:50:26.704Z"
  }
},
{
  "model": "questions.expectedoutput",
  "pk": 111,
  "fields": {
    "question": 12,
    "test_case": 95,
    "file": "test_cases/CDEE/outputs/output6.txt",
    "timestamp": "2019-05-04T13:50:34.970Z"
  }
},
{
  "model": "questions.expectedoutput",
  "pk": 112,
  "fields": {
    "question": 12,
    "test_case": 96,
    "file": "test_cases/CDEE/outputs/output7.txt",
    "timestamp": "2019-05-04T13:50:46.192Z"
  }
},
{
  "model": "questions.expectedoutput",
  "pk": 113,
  "fields": {
    "question": 12,
    "test_case": 97,
    "file": "test_cases/CDEE/outputs/output8.txt",
    "timestamp": "2019-05-04T13:50:59.482Z"
  }
},
{
  "model": "questions.expectedoutput",
  "pk": 114,
  "fields": {
    "question": 12,
    "test_case": 98,
    "file": "test_cases/CDEE/outputs/output9.txt",
    "timestamp": "2019-05-04T13:51:09.919Z"
  }
},
{
  "model": "questions.expectedoutput",
  "pk": 115,
  "fields": {
    "question": 13,
    "test_case": 100,
    "file": "test_cases/WINP/outputs/output1_cLUzjJd.txt",
    "timestamp": "2019-05-04T13:58:48.802Z"
  }
},
{
  "model": "questions.expectedoutput",
  "pk": 116,
  "fields": {
    "question": 13,
    "test_case": 109,
    "file": "test_cases/WINP/outputs/output10_kFPz9tz.txt",
    "timestamp": "2019-05-04T13:59:03.550Z"
  }
},
{
  "model": "questions.expectedoutput",
  "pk": 117,
  "fields": {
    "question": 13,
    "test_case": 101,
    "file": "test_cases/WINP/outputs/output2_XqPHOZJ.txt",
    "timestamp": "2019-05-04T13:59:12.248Z"
  }
},
{
  "model": "questions.expectedoutput",
  "pk": 118,
  "fields": {
    "question": 13,
    "test_case": 102,
    "file": "test_cases/WINP/outputs/output3_35IDHkZ.txt",
    "timestamp": "2019-05-04T13:59:24.377Z"
  }
},
{
  "model": "questions.expectedoutput",
  "pk": 119,
  "fields": {
    "question": 13,
    "test_case": 103,
    "file": "test_cases/WINP/outputs/output4_vvgUKux.txt",
    "timestamp": "2019-05-04T13:59:33.984Z"
  }
},
{
  "model": "questions.expectedoutput",
  "pk": 120,
  "fields": {
    "question": 13,
    "test_case": 104,
    "file": "test_cases/WINP/outputs/output5_Mx4lcor.txt",
    "timestamp": "2019-05-04T13:59:43.927Z"
  }
},
{
  "model": "questions.expectedoutput",
  "pk": 121,
  "fields": {
    "question": 13,
    "test_case": 105,
    "file": "test_cases/WINP/outputs/output6_zw0NEon.txt",
    "timestamp": "2019-05-04T13:59:53.716Z"
  }
},
{
  "model": "questions.expectedoutput",
  "pk": 122,
  "fields": {
    "question": 13,
    "test_case": 106,
    "file": "test_cases/WINP/outputs/output7_lWD8BSF.txt",
    "timestamp": "2019-05-04T14:00:02.882Z"
  }
},
{
  "model": "questions.expectedoutput",
  "pk": 123,
  "fields": {
    "question": 13,
    "test_case": 107,
    "file": "test_cases/WINP/outputs/output8_meMw3MG.txt",
    "timestamp": "2019-05-04T14:00:27.376Z"
  }
},
{
  "model": "questions.expectedoutput",
  "pk": 124,
  "fields": {
    "question": 13,
    "test_case": 108,
    "file": "test_cases/WINP/outputs/output9_PJFBiuH.txt",
    "timestamp": "2019-05-04T14:00:45.194Z"
  }
},
{
  "model": "questions.expectedoutput",
  "pk": 125,
  "fields": {
    "question": 14,
    "test_case": 110,
    "file": "test_cases/CDEC/outputs/output1.txt",
    "timestamp": "2019-05-04T14:10:14.409Z"
  }
},
{
  "model": "questions.expectedoutput",
  "pk": 126,
  "fields": {
    "question": 14,
    "test_case": 119,
    "file": "test_cases/CDEC/outputs/output10.txt",
    "timestamp": "2019-05-04T14:10:29.412Z"
  }
},
{
  "model": "questions.expectedoutput",
  "pk": 127,
  "fields": {
    "question": 14,
    "test_case": 111,
    "file": "test_cases/CDEC/outputs/output2.txt",
    "timestamp": "2019-05-04T14:10:45.552Z"
  }
},
{
  "model": "questions.expectedoutput",
  "pk": 128,
  "fields": {
    "question": 14,
    "test_case": 112,
    "file": "test_cases/CDEC/outputs/output3.txt",
    "timestamp": "2019-05-04T14:11:16.811Z"
  }
},
{
  "model": "questions.expectedoutput",
  "pk": 129,
  "fields": {
    "question": 14,
    "test_case": 113,
    "file": "test_cases/CDEC/outputs/output4.txt",
    "timestamp": "2019-05-04T14:11:26.649Z"
  }
},
{
  "model": "questions.expectedoutput",
  "pk": 130,
  "fields": {
    "question": 14,
    "test_case": 114,
    "file": "test_cases/CDEC/outputs/output5.txt",
    "timestamp": "2019-05-04T14:11:35.597Z"
  }
},
{
  "model": "questions.expectedoutput",
  "pk": 131,
  "fields": {
    "question": 14,
    "test_case": 115,
    "file": "test_cases/CDEC/outputs/output6.txt",
    "timestamp": "2019-05-04T14:11:45.559Z"
  }
},
{
  "model": "questions.expectedoutput",
  "pk": 132,
  "fields": {
    "question": 14,
    "test_case": 116,
    "file": "test_cases/CDEC/outputs/output7.txt",
    "timestamp": "2019-05-04T14:11:55.596Z"
  }
},
{
  "model": "questions.expectedoutput",
  "pk": 133,
  "fields": {
    "question": 14,
    "test_case": 117,
    "file": "test_cases/CDEC/outputs/output8.txt",
    "timestamp": "2019-05-04T14:12:05.281Z"
  }
},
{
  "model": "questions.expectedoutput",
  "pk": 134,
  "fields": {
    "question": 14,
    "test_case": 118,
    "file": "test_cases/CDEC/outputs/output9.txt",
    "timestamp": "2019-05-04T14:12:14.696Z"
  }
},
{
  "model": "questions.expectedoutput",
  "pk": 145,
  "fields": {
    "question": 16,
    "test_case": 130,
    "file": "test_cases/CDEH/outputs/output1.txt",
    "timestamp": "2019-05-04T16:45:29.050Z"
  }
},
{
  "model": "questions.expectedoutput",
  "pk": 146,
  "fields": {
    "question": 16,
    "test_case": 139,
    "file": "test_cases/CDEH/outputs/output10.txt",
    "timestamp": "2019-05-04T16:45:43.500Z"
  }
},
{
  "model": "questions.expectedoutput",
  "pk": 147,
  "fields": {
    "question": 16,
    "test_case": 131,
    "file": "test_cases/CDEH/outputs/output2.txt",
    "timestamp": "2019-05-04T16:46:02.522Z"
  }
},
{
  "model": "questions.expectedoutput",
  "pk": 148,
  "fields": {
    "question": 16,
    "test_case": 132,
    "file": "test_cases/CDEH/outputs/output3.txt",
    "timestamp": "2019-05-04T16:46:15.688Z"
  }
},
{
  "model": "questions.expectedoutput",
  "pk": 149,
  "fields": {
    "question": 16,
    "test_case": 133,
    "file": "test_cases/CDEH/outputs/output4.txt",
    "timestamp": "2019-05-04T16:46:28.955Z"
  }
},
{
  "model": "questions.expectedoutput",
  "pk": 150,
  "fields": {
    "question": 16,
    "test_case": 134,
    "file": "test_cases/CDEH/outputs/output5.txt",
    "timestamp": "2019-05-04T16:46:41.726Z"
  }
},
{
  "model": "questions.expectedoutput",
  "pk": 151,
  "fields": {
    "question": 16,
    "test_case": 135,
    "file": "test_cases/CDEH/outputs/output6.txt",
    "timestamp": "2019-05-04T16:46:59.591Z"
  }
},
{
  "model": "questions.expectedoutput",
  "pk": 152,
  "fields": {
    "question": 16,
    "test_case": 136,
    "file": "test_cases/CDEH/outputs/output7.txt",
    "timestamp": "2019-05-04T16:47:14.669Z"
  }
},
{
  "model": "questions.expectedoutput",
  "pk": 153,
  "fields": {
    "question": 16,
    "test_case": 137,
    "file": "test_cases/CDEH/outputs/output8.txt",
    "timestamp": "2019-05-04T16:47:26.567Z"
  }
},
{
  "model": "questions.expectedoutput",
  "pk": 154,
  "fields": {
    "question": 16,
    "test_case": 138,
    "file": "test_cases/CDEH/outputs/output9.txt",
    "timestamp": "2019-05-04T16:47:38.486Z"
  }
},
{
  "model": "questions.expectedoutput",
  "pk": 165,
  "fields": {
    "question": 18,
    "test_case": 159,
    "file": "test_cases/PERM/outputs/output10.txt",
    "timestamp": "2019-05-04T18:33:53.377Z"
  }
},
{
  "model": "questions.expectedoutput",
  "pk": 166,
  "fields": {
    "question": 18,
    "test_case": 150,
    "file": "test_cases/PERM/outputs/output1.txt",
    "timestamp": "2019-05-04T18:34:07.709Z"
  }
},
{
  "model": "questions.expectedoutput",
  "pk": 167,
  "fields": {
    "question": 18,
    "test_case": 151,
    "file": "test_cases/PERM/outputs/output2.txt",
    "timestamp": "2019-05-04T18:34:30.836Z"
  }
},
{
  "model": "questions.expectedoutput",
  "pk": 168,
  "fields": {
    "question": 18,
    "test_case": 152,
    "file": "test_cases/PERM/outputs/output3.txt",
    "timestamp": "2019-05-04T18:34:42.737Z"
  }
},
{
  "model": "questions.expectedoutput",
  "pk": 169,
  "fields": {
    "question": 18,
    "test_case": 153,
    "file": "test_cases/PERM/outputs/output4.txt",
    "timestamp": "2019-05-04T18:34:53.597Z"
  }
},
{
  "model": "questions.expectedoutput",
  "pk": 170,
  "fields": {
    "question": 18,
    "test_case": 154,
    "file": "test_cases/PERM/outputs/output5.txt",
    "timestamp": "2019-05-04T18:35:05.427Z"
  }
},
{
  "model": "questions.expectedoutput",
  "pk": 171,
  "fields": {
    "question": 18,
    "test_case": 155,
    "file": "test_cases/PERM/outputs/output6.txt",
    "timestamp": "2019-05-04T18:35:19.436Z"
  }
},
{
  "model": "questions.expectedoutput",
  "pk": 172,
  "fields": {
    "question": 18,
    "test_case": 156,
    "file": "test_cases/PERM/outputs/output7.txt",
    "timestamp": "2019-05-04T18:35:33.788Z"
  }
},
{
  "model": "questions.expectedoutput",
  "pk": 173,
  "fields": {
    "question": 18,
    "test_case": 157,
    "file": "test_cases/PERM/outputs/output8.txt",
    "timestamp": "2019-05-04T18:35:49.277Z"
  }
},
{
  "model": "questions.expectedoutput",
  "pk": 174,
  "fields": {
    "question": 18,
    "test_case": 158,
    "file": "test_cases/PERM/outputs/output9.txt",
    "timestamp": "2019-05-04T18:36:00.334Z"
  }
}
]
